{
 "actions": [],
 "allow_rename": 1,
 "creation": "2025-02-04 18:05:52.617790",
 "doctype": "DocType",
 "engine": "InnoDB",
 "field_order": [
  "projectclient_name",
  "stage",
  "billable_status",
  "column_break_fsvk",
  "product",
  "status"
 ],
 "fields": [
  {
   "fieldname": "projectclient_name",
   "fieldtype": "Link",
   "in_list_view": 1,
   "label": "Project/Client Name",
   "options": "Client",
   "reqd": 1
  },
  {
   "fieldname": "stage",
   "fieldtype": "Data",
   "label": "Stage",
   "reqd": 1
  },
  {
   "fieldname": "status",
   "fieldtype": "Data",
   "label": "Status",
   "reqd": 1
  },
  {
   "fieldname": "billable_status",
   "fieldtype": "Data",
   "label": "Billable Status",
   "reqd": 1
  },
  {
   "fieldname": "product",
   "fieldtype": "Link",
   "in_list_view": 1,
   "label": "Product",
   "options": "Product Details",
   "reqd": 1
  },
  {
   "fieldname": "column_break_fsvk",
   "fieldtype": "Column Break"
  }
 ],
 "index_web_pages_for_search": 1,
 "istable": 1,
 "links": [],
 "modified": "2025-02-04 19:10:44.886902",
 "modified_by": "Administrator",
 "module": "Account Mapper",
 "name": "Project Details",
 "owner": "Administrator",
 "permissions": [],
 "sort_field": "modified",
 "sort_order": "DESC",
 "states": []
}